customer_name,customer_email,employee_name,submission_time,status,close_time,issue_description,date
Elizabeth Walker,mmoore0@marriott.com,Matthew Moore,5:11 AM,false,5:24 PM,Praesent blandit lacinia erat.,08/03/2016
Andrea Tucker,bgarcia1@hatena.ne.jp,Billy Garcia,12:22 AM,true,12:34 PM,"Aliquam augue quam, sollicitudin vitae, consectetuer eget, rutrum at, lorem.",06/24/2016
Carl Jenkins,rspencer2@msn.com,Richard Spencer,4:45 AM,false,7:54 AM,"Fusce congue, diam id ornare imperdiet, sapien urna pretium nisl, ut volutpat sapien arcu sed augue.",06/30/2016
Jessica Austin,jcoleman3@1und1.de,Jeremy Coleman,4:58 AM,false,6:16 PM,Donec vitae nisi.,06/09/2016
Jonathan Simmons,sray4@privacy.gov.au,Sandra Ray,8:25 AM,false,10:03 AM,Integer a nibh.,07/30/2016
Gregory Payne,jstone5@home.pl,Jimmy Stone,2:29 PM,true,5:40 AM,"Maecenas leo odio, condimentum id, luctus nec, molestie sed, justo.",08/05/2016
Tammy Hughes,kmarshall6@cocolog-nifty.com,Kimberly Marshall,6:20 AM,false,9:38 PM,Quisque porta volutpat erat.,08/08/2016
Jerry Wilson,clane7@dot.gov,Carl Lane,12:37 AM,true,1:29 AM,Nam nulla.,08/26/2016
Lisa Hunter,dharris8@cloudflare.com,Daniel Harris,3:56 AM,false,1:16 PM,Morbi porttitor lorem id ligula.,06/16/2016
Jeremy Lopez,csanders9@nps.gov,Catherine Sanders,1:53 AM,false,4:42 AM,"Morbi odio odio, elementum eu, interdum eu, tincidunt in, leo.",07/16/2016
James Perkins,rgonzaleza@google.de,Rose Gonzalez,8:18 PM,true,8:35 PM,Nunc rhoncus dui vel sem.,08/18/2016
Russell Morgan,jbaileyb@wisc.edu,Jason Bailey,9:15 PM,true,2:17 AM,Morbi a ipsum.,08/24/2016
Cynthia Castillo,pcooperc@deviantart.com,Paul Cooper,11:22 AM,true,3:15 AM,"Donec diam neque, vestibulum eget, vulputate ut, ultrices vel, augue.",06/25/2016
Maria Wright,sstephensd@army.mil,Samuel Stephens,4:48 AM,false,6:41 PM,"Morbi odio odio, elementum eu, interdum eu, tincidunt in, leo.",06/24/2016
James Edwards,jrichardsone@mozilla.com,Judy Richardson,3:39 AM,false,3:24 AM,Pellentesque ultrices mattis odio.,06/04/2016
Brian Flores,jdiazf@mozilla.org,Judy Diaz,10:07 PM,false,1:44 AM,Duis at velit eu est congue elementum.,06/30/2016
Sara West,wdiazg@de.vu,William Diaz,2:45 AM,false,5:44 AM,Donec vitae nisi.,07/20/2016
Frank Ruiz,ddavish@yahoo.co.jp,Deborah Davis,5:01 PM,false,4:26 AM,Curabitur in libero ut massa volutpat convallis.,06/07/2016
Amanda Hall,cgriffini@ovh.net,Christine Griffin,1:44 AM,false,3:37 PM,Praesent blandit.,07/16/2016
Wanda Cole,cperezj@answers.com,Christopher Perez,4:59 PM,true,3:39 PM,Etiam vel augue.,07/19/2016
Anne Hudson,cgonzalesk@macromedia.com,Chris Gonzales,4:04 AM,false,4:52 AM,Vivamus in felis eu sapien cursus vestibulum.,06/28/2016
Irene Martinez,dfosterl@vinaora.com,Dennis Foster,9:29 PM,true,2:53 PM,Sed ante.,06/03/2016
Bruce Tucker,bhunterm@tumblr.com,Betty Hunter,10:37 PM,false,3:57 AM,Vestibulum sed magna at nunc commodo placerat.,07/10/2016
Christina Watkins,ecoopern@amazon.co.uk,Evelyn Cooper,7:10 AM,true,1:51 PM,Duis aliquam convallis nunc.,08/30/2016
Carol Lee,rpattersono@angelfire.com,Robin Patterson,8:46 AM,true,6:02 AM,Duis ac nibh.,06/30/2016
Russell Mccoy,erosep@plala.or.jp,Edward Rose,2:25 PM,true,6:52 PM,Pellentesque ultrices mattis odio.,06/02/2016
Carlos Moreno,bbowmanq@usa.gov,Bobby Bowman,12:20 AM,false,3:52 PM,Quisque porta volutpat erat.,08/16/2016
Antonio Franklin,bgonzalezr@cmu.edu,Barbara Gonzalez,9:59 AM,true,4:50 AM,Proin risus.,06/26/2016
Marilyn Robinson,acoxs@fastcompany.com,Amy Cox,3:07 AM,true,6:52 AM,Pellentesque viverra pede ac diam.,06/23/2016
Gary Hawkins,phartt@xrea.com,Pamela Hart,7:42 AM,false,11:37 AM,Nulla ut erat id mauris vulputate elementum.,06/30/2016
Lawrence Little,rfordu@tiny.cc,Rose Ford,10:05 PM,false,9:38 PM,Sed accumsan felis.,07/05/2016
Barbara Ryan,dchavezv@spiegel.de,Donna Chavez,4:03 AM,true,6:27 AM,"Integer pede justo, lacinia eget, tincidunt eget, tempus vel, pede.",08/29/2016
Ralph Rodriguez,lreyesw@aol.com,Laura Reyes,8:38 PM,false,5:19 AM,Nam dui.,06/25/2016
David Howell,akelleyx@homestead.com,Adam Kelley,5:13 AM,true,2:41 AM,Pellentesque at nulla.,08/11/2016
Anna Watson,bmendozay@github.com,Barbara Mendoza,2:25 PM,false,11:27 AM,Etiam faucibus cursus urna.,08/13/2016
Brandon Brooks,thuntz@nature.com,Tammy Hunt,1:02 PM,false,3:23 PM,Proin interdum mauris non ligula pellentesque ultrices.,06/25/2016
Doris Hill,alynch10@huffingtonpost.com,Aaron Lynch,7:53 PM,true,6:08 AM,Morbi vel lectus in quam fringilla rhoncus.,07/25/2016
Lawrence Wheeler,kpeters11@technorati.com,Katherine Peters,12:50 PM,true,11:32 PM,Cras non velit nec nisi vulputate nonummy.,07/03/2016
Phillip Hernandez,tjones12@list-manage.com,Teresa Jones,1:49 AM,true,7:09 PM,Fusce consequat.,06/10/2016
Michelle Fernandez,mkennedy13@amazonaws.com,Michael Kennedy,2:09 AM,true,5:16 AM,"Morbi odio odio, elementum eu, interdum eu, tincidunt in, leo.",06/17/2016
Gary Bradley,jhanson14@tripadvisor.com,Jessica Hanson,9:09 PM,false,7:13 AM,Vivamus vel nulla eget eros elementum pellentesque.,06/18/2016
Ryan Taylor,prussell15@businesswire.com,Patrick Russell,7:44 PM,false,6:28 PM,Nulla tempus.,06/30/2016
Louise Hansen,dgreen16@nifty.com,Dennis Green,6:01 AM,true,5:23 AM,Pellentesque ultrices mattis odio.,08/07/2016
Donald Stevens,holson17@php.net,Harry Olson,6:13 PM,true,6:05 AM,Suspendisse ornare consequat lectus.,06/17/2016
Michelle Robertson,sgarza18@mediafire.com,Shirley Garza,10:33 PM,false,12:23 AM,Quisque ut erat.,08/14/2016
Stephen Greene,mblack19@bandcamp.com,Martin Black,10:02 AM,true,8:56 PM,"Proin leo odio, porttitor id, consequat in, consequat ut, nulla.",08/10/2016
Jennifer Black,sgonzales1a@sfgate.com,Sean Gonzales,2:34 PM,false,11:28 AM,"Fusce congue, diam id ornare imperdiet, sapien urna pretium nisl, ut volutpat sapien arcu sed augue.",07/20/2016
Dorothy Morgan,dwallace1b@skyrock.com,Douglas Wallace,10:03 AM,false,2:30 PM,Suspendisse potenti.,08/24/2016
Roy Phillips,wturner1c@newsvine.com,Wanda Turner,2:30 PM,false,7:19 AM,"Lorem ipsum dolor sit amet, consectetuer adipiscing elit.",06/21/2016
Harry Ramirez,eburns1d@ifeng.com,Eugene Burns,2:38 PM,true,10:49 AM,Cras in purus eu magna vulputate luctus.,07/01/2016
Terry Frazier,srobinson1e@bbc.co.uk,Steven Robinson,7:15 PM,true,2:52 AM,In blandit ultrices enim.,06/30/2016
Bonnie Peterson,lburke1f@icq.com,Laura Burke,6:13 AM,false,2:07 PM,Nulla ut erat id mauris vulputate elementum.,08/02/2016
Philip Bailey,agarcia1g@ameblo.jp,Amy Garcia,7:54 PM,true,7:46 PM,Curabitur convallis.,06/06/2016
Linda Webb,bmoreno1h@mac.com,Bobby Moreno,6:59 AM,true,10:36 PM,Morbi quis tortor id nulla ultrices aliquet.,07/19/2016
Terry Daniels,lwells1i@symantec.com,Lori Wells,9:47 AM,true,9:06 AM,Quisque id justo sit amet sapien dignissim vestibulum.,07/09/2016
Bruce Carter,sgarcia1j@delicious.com,Shawn Garcia,8:31 PM,false,9:38 AM,Proin risus.,06/19/2016
Denise Vasquez,padams1k@google.pl,Peter Adams,7:09 PM,true,8:50 AM,Mauris sit amet eros.,07/26/2016
Johnny Kim,jgutierrez1l@dmoz.org,Joyce Gutierrez,10:57 AM,true,1:10 PM,Duis bibendum.,06/23/2016
Kevin Gonzales,sramirez1m@washingtonpost.com,Shirley Ramirez,1:25 PM,true,12:09 PM,Aliquam sit amet diam in magna bibendum imperdiet.,06/03/2016
Marie Cole,cgarrett1n@wired.com,Carolyn Garrett,6:55 AM,false,3:30 PM,Fusce consequat.,08/26/2016
Ruth Castillo,amcdonald1o@wordpress.com,Arthur Mcdonald,11:30 PM,false,4:29 AM,Nullam sit amet turpis elementum ligula vehicula consequat.,06/29/2016
Jonathan Sims,jhunt1p@tiny.cc,Judith Hunt,3:02 AM,true,12:27 AM,In blandit ultrices enim.,08/21/2016
Carl Scott,cnelson1q@marriott.com,Christina Nelson,2:19 AM,true,6:19 PM,Donec posuere metus vitae ipsum.,06/20/2016
Timothy Green,eelliott1r@posterous.com,Eugene Elliott,6:15 PM,false,3:20 AM,"Integer aliquet, massa id lobortis convallis, tortor risus dapibus augue, vel accumsan tellus nisi eu orci.",06/29/2016
Doris Kim,tmarshall1s@dion.ne.jp,Theresa Marshall,7:56 PM,false,5:07 PM,Suspendisse potenti.,06/25/2016
Brenda Cruz,lturner1t@hibu.com,Lawrence Turner,2:42 PM,true,8:26 PM,"Nullam orci pede, venenatis non, sodales sed, tincidunt eu, felis.",08/27/2016
Julia Mcdonald,tpierce1u@cam.ac.uk,Theresa Pierce,5:25 AM,true,10:13 PM,Donec quis orci eget orci vehicula condimentum.,07/02/2016
Aaron Lynch,sjacobs1v@icq.com,Susan Jacobs,11:14 PM,false,10:12 AM,Maecenas ut massa quis augue luctus tincidunt.,08/20/2016
Clarence Edwards,jmatthews1w@craigslist.org,Justin Matthews,1:12 AM,false,3:35 AM,Maecenas ut massa quis augue luctus tincidunt.,08/20/2016
Mark Marshall,mramirez1x@gmpg.org,Maria Ramirez,7:55 AM,true,10:51 PM,Donec ut mauris eget massa tempor convallis.,08/20/2016
Rebecca Martinez,clong1y@geocities.com,Clarence Long,7:54 PM,false,3:25 PM,Nulla ac enim.,06/16/2016
Terry Mason,dmartin1z@flavors.me,Deborah Martin,11:32 AM,false,1:26 PM,Curabitur at ipsum ac tellus semper interdum.,07/10/2016
Laura Hansen,jbell20@creativecommons.org,Joe Bell,11:49 AM,true,8:41 PM,Fusce consequat.,08/12/2016
Johnny Carroll,rbishop21@netlog.com,Ralph Bishop,1:53 PM,true,10:37 PM,"Vestibulum ante ipsum primis in faucibus orci luctus et ultrices posuere cubilia Curae; Donec pharetra, magna vestibulum aliquet ultrices, erat tortor sollicitudin mi, sit amet lobortis sapien sapien non mi.",08/04/2016
Dorothy Wallace,lblack22@tripod.com,Linda Black,9:39 PM,false,11:03 PM,Maecenas tincidunt lacus at velit.,06/21/2016
Jerry Peters,dphillips23@oakley.com,Donna Phillips,10:13 AM,false,4:57 AM,Nulla tellus.,07/07/2016
Donna Barnes,kboyd24@ucoz.com,Katherine Boyd,12:52 PM,true,8:07 AM,"Nam congue, risus semper porta volutpat, quam pede lobortis ligula, sit amet eleifend pede libero quis orci.",08/17/2016
Gerald King,mrichards25@qq.com,Michael Richards,3:02 AM,false,10:40 PM,Sed ante.,06/18/2016
Louise Adams,cgilbert26@soundcloud.com,Christopher Gilbert,12:08 PM,false,3:20 PM,Vestibulum ante ipsum primis in faucibus orci luctus et ultrices posuere cubilia Curae; Nulla dapibus dolor vel est.,08/08/2016
Gerald Lawrence,nlewis27@networksolutions.com,Norma Lewis,8:41 AM,true,2:25 PM,In hac habitasse platea dictumst.,08/06/2016
Edward Perez,swells28@mac.com,Sara Wells,11:58 AM,true,1:15 AM,In quis justo.,07/21/2016
Anthony Dunn,eburns29@hc360.com,Emily Burns,3:39 AM,false,6:27 PM,"Cum sociis natoque penatibus et magnis dis parturient montes, nascetur ridiculus mus.",08/15/2016
Carlos Carpenter,agutierrez2a@icio.us,Alan Gutierrez,11:45 AM,true,1:09 PM,Aenean lectus.,07/21/2016
William Lopez,pcastillo2b@biglobe.ne.jp,Paul Castillo,2:24 PM,false,4:52 AM,Sed sagittis.,06/08/2016
Angela Hanson,vhunter2c@biglobe.ne.jp,Victor Hunter,8:14 PM,false,11:32 AM,Aenean sit amet justo.,07/03/2016
Kathleen Rogers,arobertson2d@prlog.org,Alice Robertson,2:11 AM,false,3:31 PM,Duis ac nibh.,08/05/2016
Stephanie Thomas,cjenkins2e@salon.com,Carolyn Jenkins,6:07 PM,true,4:01 AM,Nulla ac enim.,06/13/2016
Ruth Franklin,tmccoy2f@wikimedia.org,Thomas Mccoy,6:29 AM,true,12:56 PM,Vestibulum ante ipsum primis in faucibus orci luctus et ultrices posuere cubilia Curae; Mauris viverra diam vitae quam.,07/11/2016
Bruce Anderson,sbell2g@meetup.com,Susan Bell,5:06 AM,true,11:22 PM,"Nulla neque libero, convallis eget, eleifend luctus, ultricies eu, nibh.",07/25/2016
Kathy Robertson,efowler2h@dmoz.org,Earl Fowler,5:58 PM,true,10:31 AM,Nullam varius.,08/02/2016
Larry Long,gfields2i@constantcontact.com,Gerald Fields,9:40 AM,false,5:58 AM,In eleifend quam a odio.,06/26/2016
Bobby Wallace,ascott2j@drupal.org,Anthony Scott,11:09 PM,true,12:31 AM,Nunc purus.,06/12/2016
Mildred Harrison,sgreen2k@deviantart.com,Sara Green,2:33 AM,false,6:06 PM,Nulla ac enim.,06/29/2016
Michelle Wright,bbell2l@geocities.com,Betty Bell,3:28 PM,true,10:32 AM,Ut at dolor quis odio consequat varius.,07/09/2016
Jose Marshall,pdunn2m@tmall.com,Patrick Dunn,3:28 PM,true,9:37 AM,Vestibulum ac est lacinia nisi venenatis tristique.,08/05/2016
Andrew Peterson,whughes2n@skype.com,Walter Hughes,5:32 AM,false,10:23 AM,Pellentesque at nulla.,08/30/2016
Ruth Diaz,lfox2o@yandex.ru,Lisa Fox,12:16 PM,false,1:01 PM,Donec dapibus.,06/16/2016
Debra Carroll,ljenkins2p@sciencedaily.com,Lori Jenkins,9:44 AM,false,11:22 AM,"Vestibulum ante ipsum primis in faucibus orci luctus et ultrices posuere cubilia Curae; Donec pharetra, magna vestibulum aliquet ultrices, erat tortor sollicitudin mi, sit amet lobortis sapien sapien non mi.",07/24/2016
Kathryn Hudson,tlewis2q@statcounter.com,Teresa Lewis,5:24 AM,false,4:45 AM,Integer ac neque.,06/24/2016
Jerry Hart,swheeler2r@ted.com,Stephen Wheeler,10:57 AM,false,9:52 AM,"Cum sociis natoque penatibus et magnis dis parturient montes, nascetur ridiculus mus.",08/21/2016
Carl Kim,hwoods2s@hc360.com,Henry Woods,12:49 PM,false,3:16 AM,"Donec odio justo, sollicitudin ut, suscipit a, feugiat et, eros.",08/06/2016
Jane Jackson,ewillis2t@yelp.com,Earl Willis,4:49 AM,true,9:01 AM,Donec quis orci eget orci vehicula condimentum.,07/06/2016
Billy Peters,jkelley2u@elegantthemes.com,Joan Kelley,9:15 AM,false,9:15 AM,Aliquam sit amet diam in magna bibendum imperdiet.,06/08/2016
Kevin Little,dclark2v@t.co,Donald Clark,6:47 AM,false,4:27 AM,Integer ac neque.,06/14/2016
Jonathan Ortiz,jcoleman2w@un.org,Jeffrey Coleman,1:58 PM,true,4:04 AM,Morbi a ipsum.,07/01/2016
Roy Day,pwagner2x@blinklist.com,Patricia Wagner,2:17 AM,false,2:15 AM,"Maecenas leo odio, condimentum id, luctus nec, molestie sed, justo.",07/26/2016
Sandra Howell,sharris2y@blinklist.com,Sarah Harris,3:12 PM,false,5:43 PM,Aliquam non mauris.,06/18/2016
Susan Johnston,drice2z@redcross.org,Debra Rice,1:35 PM,false,1:15 AM,Duis aliquam convallis nunc.,06/11/2016
Douglas Miller,atucker30@google.fr,Adam Tucker,11:14 AM,true,5:15 AM,"Lorem ipsum dolor sit amet, consectetuer adipiscing elit.",07/13/2016
Anthony Alvarez,jlawson31@admin.ch,Jane Lawson,9:31 AM,true,7:23 PM,Curabitur convallis.,08/23/2016
Kenneth Thomas,kstevens32@harvard.edu,Kathy Stevens,10:16 PM,true,4:19 PM,Duis mattis egestas metus.,07/19/2016
Charles Johnston,jjenkins33@infoseek.co.jp,Jesse Jenkins,5:17 PM,true,10:33 PM,In sagittis dui vel nisl.,07/15/2016
Ruby Rice,rstewart34@icio.us,Robert Stewart,11:38 PM,true,2:25 PM,In sagittis dui vel nisl.,08/08/2016
Carolyn Palmer,acooper35@amazon.de,Adam Cooper,11:57 PM,true,6:57 PM,"Cum sociis natoque penatibus et magnis dis parturient montes, nascetur ridiculus mus.",06/27/2016
Amy White,flawson36@tripadvisor.com,Fred Lawson,10:25 PM,true,5:41 PM,Nunc rhoncus dui vel sem.,07/21/2016
Robin Price,gcarroll37@godaddy.com,Gloria Carroll,2:58 PM,true,9:37 AM,Nunc rhoncus dui vel sem.,06/02/2016
Ernest Bell,rferguson38@go.com,Rose Ferguson,6:20 AM,false,4:35 PM,Cras pellentesque volutpat dui.,08/01/2016
Alan Andrews,lgraham39@ucla.edu,Laura Graham,6:04 PM,true,8:26 PM,Curabitur gravida nisi at nibh.,07/29/2016
Timothy Evans,rsimpson3a@odnoklassniki.ru,Ruth Simpson,9:27 AM,true,1:24 PM,Pellentesque ultrices mattis odio.,07/19/2016
Annie Nguyen,ncastillo3b@businessinsider.com,Nancy Castillo,9:59 AM,true,7:09 AM,Nunc purus.,07/11/2016
Frances Romero,jolson3c@facebook.com,Justin Olson,1:04 AM,true,3:28 AM,Vestibulum ante ipsum primis in faucibus orci luctus et ultrices posuere cubilia Curae; Nulla dapibus dolor vel est.,08/23/2016
Mildred Ryan,athomas3d@barnesandnoble.com,Ann Thomas,9:41 AM,false,8:16 PM,Nam nulla.,08/28/2016
Jacqueline Gardner,jrichardson3e@deviantart.com,Jane Richardson,8:07 PM,true,7:25 AM,Nulla tempus.,08/28/2016
Sharon Tucker,mwatson3f@bloomberg.com,Maria Watson,12:50 PM,true,10:21 AM,Integer ac neque.,07/18/2016
Henry Edwards,lfernandez3g@gravatar.com,Larry Fernandez,4:54 PM,false,6:46 PM,Suspendisse potenti.,07/05/2016
William Hill,dmorrison3h@nbcnews.com,Daniel Morrison,4:06 PM,false,7:59 PM,Pellentesque ultrices mattis odio.,08/19/2016
Rachel Torres,jhicks3i@go.com,Jose Hicks,1:37 AM,true,11:49 AM,"Integer pede justo, lacinia eget, tincidunt eget, tempus vel, pede.",07/20/2016
Ann Harper,adixon3j@blinklist.com,Anne Dixon,1:04 PM,true,1:11 AM,Aliquam sit amet diam in magna bibendum imperdiet.,06/25/2016
Martha Austin,pmills3k@domainmarket.com,Phyllis Mills,2:39 PM,true,12:57 AM,Curabitur convallis.,07/12/2016
Robin Turner,rphillips3l@deviantart.com,Raymond Phillips,3:47 AM,false,7:34 AM,"Vestibulum quam sapien, varius ut, blandit non, interdum in, ante.",06/19/2016
Eugene Nichols,pmoore3m@163.com,Phyllis Moore,6:56 AM,true,3:10 AM,Donec ut mauris eget massa tempor convallis.,08/17/2016
Joshua Arnold,rwest3n@tmall.com,Roy West,1:12 AM,false,12:55 PM,Nulla suscipit ligula in lacus.,07/10/2016
Kathleen Morales,pruiz3o@tripod.com,Peter Ruiz,5:53 AM,true,9:34 AM,Phasellus in felis.,08/28/2016
Denise Franklin,gknight3p@squarespace.com,Gloria Knight,9:31 AM,false,10:45 PM,Cras non velit nec nisi vulputate nonummy.,06/01/2016
Ann Ortiz,jboyd3q@wikispaces.com,Jonathan Boyd,1:14 AM,false,10:59 PM,Nulla ut erat id mauris vulputate elementum.,08/06/2016
Paula Kelly,lbarnes3r@blogtalkradio.com,Lisa Barnes,3:41 AM,false,4:03 AM,Vivamus tortor.,06/20/2016
Alice Wallace,mfoster3s@chicagotribune.com,Mildred Foster,11:21 PM,false,6:57 AM,Donec posuere metus vitae ipsum.,07/02/2016
Gloria Mcdonald,dwest3t@surveymonkey.com,Douglas West,7:15 AM,true,8:42 PM,In blandit ultrices enim.,06/08/2016
Dennis Armstrong,ksimpson3u@storify.com,Kathleen Simpson,8:48 PM,true,4:28 PM,Nullam molestie nibh in lectus.,06/30/2016
Charles Lawrence,bcox3v@google.co.uk,Bonnie Cox,4:56 AM,false,4:00 AM,Etiam pretium iaculis justo.,07/14/2016
Catherine Flores,rhunter3w@ebay.com,Ralph Hunter,1:50 AM,true,9:36 PM,Integer a nibh.,06/26/2016
Ryan Nichols,edaniels3x@free.fr,Eugene Daniels,8:27 PM,false,7:30 AM,Phasellus in felis.,08/17/2016
Kathy Crawford,djames3y@pcworld.com,Denise James,9:01 PM,false,4:53 PM,Nulla justo.,07/10/2016
Timothy Meyer,twatson3z@foxnews.com,Terry Watson,6:41 AM,true,10:21 AM,Donec ut dolor.,06/07/2016
Aaron Scott,pyoung40@mediafire.com,Phillip Young,11:22 AM,true,1:24 PM,"Vestibulum ante ipsum primis in faucibus orci luctus et ultrices posuere cubilia Curae; Donec pharetra, magna vestibulum aliquet ultrices, erat tortor sollicitudin mi, sit amet lobortis sapien sapien non mi.",07/25/2016
Walter Stephens,cyoung41@cargocollective.com,Catherine Young,1:57 PM,true,1:48 AM,Sed accumsan felis.,08/19/2016
Jeremy Edwards,abailey42@pcworld.com,Antonio Bailey,2:54 AM,true,2:31 AM,Ut tellus.,07/22/2016
Diana Hanson,jcook43@wisc.edu,Joan Cook,5:27 AM,false,1:07 AM,"Duis bibendum, felis sed interdum venenatis, turpis enim blandit mi, in porttitor pede justo eu massa.",07/07/2016
Wanda Myers,bmurray44@bigcartel.com,Betty Murray,11:10 AM,false,9:49 AM,Cras in purus eu magna vulputate luctus.,07/16/2016
Amanda Hunter,cmorales45@zdnet.com,Craig Morales,4:21 PM,true,2:55 PM,Morbi porttitor lorem id ligula.,08/26/2016
Ralph Palmer,edaniels46@springer.com,Edward Daniels,9:38 PM,true,8:17 PM,Sed sagittis.,06/19/2016
Irene Wagner,dmoore47@jiathis.com,Deborah Moore,4:30 PM,false,5:20 AM,"Donec diam neque, vestibulum eget, vulputate ut, ultrices vel, augue.",06/03/2016
Susan Riley,jcrawford48@washington.edu,Jose Crawford,5:23 PM,false,12:52 PM,In blandit ultrices enim.,08/04/2016
Paula Rivera,jgreene49@vk.com,Jane Greene,5:46 PM,false,1:08 AM,Sed accumsan felis.,08/03/2016
Mary Bryant,rcook4a@canalblog.com,Rachel Cook,1:09 PM,false,2:01 AM,Praesent lectus.,08/26/2016
Helen Simmons,phunt4b@prlog.org,Patrick Hunt,10:39 AM,false,1:41 AM,Integer a nibh.,08/19/2016
Carol Hart,dhudson4c@cdc.gov,Douglas Hudson,12:18 AM,true,12:18 PM,Curabitur convallis.,07/01/2016
Laura Richardson,jhansen4d@ocn.ne.jp,Jack Hansen,11:08 PM,false,7:27 AM,Nullam molestie nibh in lectus.,07/19/2016
Nancy Garza,pknight4e@usa.gov,Pamela Knight,10:56 PM,true,7:22 PM,Praesent blandit lacinia erat.,07/24/2016
Joshua Peters,jbrown4f@devhub.com,Juan Brown,12:28 PM,false,8:11 AM,Duis bibendum.,07/10/2016
Harold Black,bspencer4g@odnoklassniki.ru,Brenda Spencer,4:31 AM,false,9:04 AM,Integer a nibh.,07/18/2016
Nicole Andrews,hbradley4h@fc2.com,Helen Bradley,3:45 AM,false,3:10 AM,Suspendisse accumsan tortor quis turpis.,08/04/2016
Kathryn Hunt,hramirez4i@moonfruit.com,Henry Ramirez,12:26 AM,false,5:49 PM,Morbi quis tortor id nulla ultrices aliquet.,07/23/2016
Tammy Garrett,cbanks4j@comcast.net,Charles Banks,4:00 AM,false,9:28 AM,"Duis bibendum, felis sed interdum venenatis, turpis enim blandit mi, in porttitor pede justo eu massa.",08/01/2016
Anne Martin,asims4k@pinterest.com,Anna Sims,10:31 AM,true,12:30 AM,Nulla ut erat id mauris vulputate elementum.,07/01/2016
Louis Harper,chicks4l@phpbb.com,Charles Hicks,6:07 PM,true,8:45 PM,"Maecenas tristique, est et tempus semper, est quam pharetra magna, ac consequat metus sapien ut nunc.",06/27/2016
Jennifer Lopez,rmartinez4m@networkadvertising.org,Raymond Martinez,5:00 AM,false,4:33 AM,Suspendisse potenti.,08/26/2016
Joseph Henderson,dstephens4n@msn.com,Dorothy Stephens,6:12 PM,true,12:28 AM,Nulla suscipit ligula in lacus.,07/06/2016
Sean Butler,epeterson4o@vk.com,Edward Peterson,7:49 AM,false,9:45 PM,Nunc rhoncus dui vel sem.,06/09/2016
Juan Myers,sgutierrez4p@purevolume.com,Sarah Gutierrez,2:08 AM,true,3:16 PM,"In est risus, auctor sed, tristique in, tempus sit amet, sem.",08/29/2016
Ronald Stevens,dpierce4q@sciencedaily.com,David Pierce,9:25 AM,true,2:45 AM,Pellentesque at nulla.,07/04/2016
Patricia Gilbert,kjohnston4r@japanpost.jp,Keith Johnston,8:59 PM,false,10:37 AM,Fusce posuere felis sed lacus.,07/10/2016
Doris Smith,ebaker4s@npr.org,Eugene Baker,4:12 AM,false,7:27 PM,Quisque id justo sit amet sapien dignissim vestibulum.,06/22/2016
Dennis Thomas,pbaker4t@springer.com,Patricia Baker,7:02 PM,true,10:40 PM,Mauris sit amet eros.,07/13/2016
Nicole Burns,jgreen4u@state.tx.us,Julie Green,5:14 PM,false,2:14 PM,In hac habitasse platea dictumst.,07/12/2016
Lillian Austin,khughes4v@wordpress.com,Katherine Hughes,8:08 AM,true,1:53 AM,Praesent blandit lacinia erat.,07/18/2016
Rose Flores,acarter4w@cam.ac.uk,Albert Carter,5:43 AM,false,1:14 AM,Phasellus sit amet erat.,06/29/2016
Juan Snyder,dlarson4x@umn.edu,Daniel Larson,8:32 PM,true,11:50 PM,"Vestibulum ante ipsum primis in faucibus orci luctus et ultrices posuere cubilia Curae; Donec pharetra, magna vestibulum aliquet ultrices, erat tortor sollicitudin mi, sit amet lobortis sapien sapien non mi.",07/09/2016
Margaret Cunningham,acarter4y@ezinearticles.com,Anthony Carter,5:36 PM,true,10:46 PM,Morbi vel lectus in quam fringilla rhoncus.,07/19/2016
Benjamin Warren,pmartin4z@amazon.com,Paul Martin,3:21 PM,false,11:24 PM,Donec semper sapien a libero.,07/25/2016
Gloria Mcdonald,jhowell50@google.pl,Judith Howell,1:29 PM,true,11:19 AM,Proin at turpis a pede posuere nonummy.,07/17/2016
Ashley Austin,radams51@geocities.jp,Ronald Adams,8:25 AM,true,3:57 PM,Nam dui.,06/17/2016
Ruth Johnson,jcampbell52@state.gov,Jose Campbell,1:11 AM,false,3:12 AM,Duis at velit eu est congue elementum.,08/09/2016
Annie Warren,nmccoy53@cbc.ca,Nancy Mccoy,1:53 PM,true,6:53 PM,"Maecenas leo odio, condimentum id, luctus nec, molestie sed, justo.",07/18/2016
Stephanie Stevens,pdaniels54@quantcast.com,Paula Daniels,5:05 PM,false,2:02 PM,Nam nulla.,06/21/2016
Nicole Holmes,irice55@tripod.com,Irene Rice,8:38 PM,false,10:13 PM,Donec posuere metus vitae ipsum.,07/10/2016
Marilyn Watkins,eolson56@nsw.gov.au,Eugene Olson,12:04 PM,false,4:13 AM,"Cum sociis natoque penatibus et magnis dis parturient montes, nascetur ridiculus mus.",06/19/2016
Edward Garza,banderson57@huffingtonpost.com,Brian Anderson,6:41 AM,false,7:35 PM,"Quisque arcu libero, rutrum ac, lobortis vel, dapibus at, diam.",06/08/2016
Julia Robinson,jyoung58@globo.com,Jerry Young,3:16 PM,false,6:47 PM,"Integer aliquet, massa id lobortis convallis, tortor risus dapibus augue, vel accumsan tellus nisi eu orci.",08/04/2016
Linda Hayes,jreynolds59@auda.org.au,Judith Reynolds,6:07 AM,true,4:21 AM,Nullam molestie nibh in lectus.,08/16/2016
Virginia Peters,bnichols5a@oakley.com,Benjamin Nichols,9:29 PM,false,6:53 AM,"Quisque arcu libero, rutrum ac, lobortis vel, dapibus at, diam.",08/22/2016
Debra Reynolds,kpalmer5b@amazon.com,Kathleen Palmer,10:16 PM,false,1:54 PM,Nulla ut erat id mauris vulputate elementum.,08/13/2016
Jimmy Phillips,amyers5c@oaic.gov.au,Anthony Myers,12:08 PM,true,11:13 PM,Duis consequat dui nec nisi volutpat eleifend.,07/10/2016
Marilyn Ruiz,klewis5d@bing.com,Kenneth Lewis,9:46 AM,false,10:44 PM,"Nam congue, risus semper porta volutpat, quam pede lobortis ligula, sit amet eleifend pede libero quis orci.",08/30/2016
Kathleen Howell,dkennedy5e@stanford.edu,Donna Kennedy,9:02 PM,false,5:04 PM,In blandit ultrices enim.,08/04/2016
Michelle Hernandez,cmyers5f@microsoft.com,Carol Myers,9:06 PM,true,2:13 PM,Etiam vel augue.,07/24/2016
Ronald Morrison,cryan5g@zimbio.com,Christopher Ryan,6:06 AM,false,5:57 PM,Etiam vel augue.,06/17/2016
Benjamin Marshall,agarcia5h@prweb.com,Adam Garcia,11:57 AM,true,11:08 AM,Mauris ullamcorper purus sit amet nulla.,07/03/2016
Michael Barnes,gparker5i@weibo.com,George Parker,7:44 PM,true,11:18 AM,"Nulla neque libero, convallis eget, eleifend luctus, ultricies eu, nibh.",08/29/2016
Cynthia Simmons,kramirez5j@marriott.com,Kimberly Ramirez,10:34 AM,true,7:39 PM,Morbi porttitor lorem id ligula.,07/29/2016
Margaret Young,tfrazier5k@topsy.com,Teresa Frazier,10:29 AM,true,9:13 PM,"Morbi odio odio, elementum eu, interdum eu, tincidunt in, leo.",06/17/2016
Richard Martin,brichardson5l@booking.com,Beverly Richardson,12:33 PM,true,6:27 AM,Nam dui.,08/02/2016
Brandon Bradley,mschmidt5m@yahoo.co.jp,Michael Schmidt,11:43 PM,true,4:04 AM,Nullam molestie nibh in lectus.,06/11/2016
Lisa Andrews,jwhite5n@de.vu,Jacqueline White,3:31 PM,false,3:01 AM,Vivamus vestibulum sagittis sapien.,08/03/2016
Henry Dunn,hcarr5o@tmall.com,Helen Carr,12:08 PM,true,12:24 AM,Donec quis orci eget orci vehicula condimentum.,06/25/2016
Aaron Alexander,kfranklin5p@unc.edu,Karen Franklin,10:51 PM,true,7:45 PM,Aliquam quis turpis eget elit sodales scelerisque.,06/11/2016
Jonathan Webb,jreed5q@ustream.tv,Jessica Reed,4:35 PM,false,3:07 AM,Donec ut dolor.,06/29/2016
Carlos Ellis,badams5r@salon.com,Brenda Adams,5:24 AM,true,10:41 PM,Mauris sit amet eros.,08/04/2016
Mary Simmons,ahowell5s@xrea.com,Andrea Howell,7:26 PM,false,4:15 PM,Duis aliquam convallis nunc.,08/04/2016
Katherine Williamson,dellis5t@ft.com,David Ellis,3:44 PM,false,1:12 AM,Nulla ut erat id mauris vulputate elementum.,06/12/2016
Henry Welch,jburns5u@state.tx.us,Jessica Burns,7:43 AM,false,2:13 AM,Nam tristique tortor eu pede.,07/17/2016
Willie Cooper,amartinez5v@auda.org.au,Amy Martinez,1:02 AM,true,1:28 AM,Pellentesque viverra pede ac diam.,08/29/2016
Diane Sanchez,kgibson5w@diigo.com,Kathy Gibson,1:06 AM,true,7:08 AM,"Cras mi pede, malesuada in, imperdiet et, commodo vulputate, justo.",06/20/2016
Angela James,awright5x@mayoclinic.com,Amanda Wright,3:45 AM,true,10:29 PM,Aenean lectus.,07/17/2016
Eugene Oliver,arichardson5y@alexa.com,Anne Richardson,8:40 PM,true,1:36 AM,Morbi vel lectus in quam fringilla rhoncus.,07/12/2016
Karen Campbell,iperez5z@com.com,Irene Perez,5:04 AM,true,2:23 PM,Donec semper sapien a libero.,08/27/2016
Nicole Frazier,jross60@sphinn.com,Jean Ross,9:36 PM,false,2:07 PM,In eleifend quam a odio.,06/02/2016
Julie James,sburton61@yelp.com,Steve Burton,6:37 AM,false,10:39 AM,Morbi vel lectus in quam fringilla rhoncus.,07/20/2016
Carolyn Parker,mstephens62@hostgator.com,Marie Stephens,4:33 PM,true,6:52 PM,"Fusce congue, diam id ornare imperdiet, sapien urna pretium nisl, ut volutpat sapien arcu sed augue.",06/08/2016
Evelyn Johnston,jwood63@tuttocitta.it,Julia Wood,8:33 PM,true,9:30 PM,Nullam sit amet turpis elementum ligula vehicula consequat.,08/14/2016
Tina Brooks,eramos64@shareasale.com,Earl Ramos,11:39 PM,false,5:59 PM,"Nulla neque libero, convallis eget, eleifend luctus, ultricies eu, nibh.",08/25/2016
Jimmy Romero,lmurphy65@example.com,Linda Murphy,2:09 PM,true,6:14 AM,"Lorem ipsum dolor sit amet, consectetuer adipiscing elit.",08/25/2016
Charles Knight,jgarrett66@list-manage.com,Jane Garrett,10:43 AM,false,9:20 PM,"Lorem ipsum dolor sit amet, consectetuer adipiscing elit.",07/30/2016
Steven Simmons,hmills67@google.ca,Howard Mills,10:24 PM,true,7:58 PM,In quis justo.,07/30/2016
Joe Olson,lhart68@tiny.cc,Lawrence Hart,11:09 AM,false,1:37 PM,Fusce consequat.,08/14/2016
Rose Jordan,pbrooks69@bizjournals.com,Patricia Brooks,3:56 PM,false,6:58 AM,Cras in purus eu magna vulputate luctus.,07/13/2016
Kathy Gonzalez,bpeterson6a@unicef.org,Billy Peterson,9:07 PM,true,9:32 PM,Sed vel enim sit amet nunc viverra dapibus.,06/05/2016
Lois Gibson,wfuller6b@technorati.com,Wayne Fuller,8:24 AM,true,9:51 AM,Morbi non quam nec dui luctus rutrum.,08/17/2016
Barbara Howard,nross6c@reverbnation.com,Nicholas Ross,5:02 AM,false,1:46 PM,Curabitur gravida nisi at nibh.,06/16/2016
Anthony Washington,jlawrence6d@a8.net,Jose Lawrence,4:08 AM,false,10:08 AM,Mauris sit amet eros.,06/26/2016
Lisa Palmer,rgarcia6e@mozilla.com,Russell Garcia,9:51 PM,true,8:05 AM,Praesent id massa id nisl venenatis lacinia.,08/15/2016
Roger Lane,gmartinez6f@reddit.com,Gregory Martinez,3:37 PM,false,11:48 AM,Integer non velit.,07/01/2016
Dennis Jenkins,twood6g@businessweek.com,Theresa Wood,1:28 PM,true,4:31 AM,Suspendisse ornare consequat lectus.,06/04/2016
Jane Duncan,nbailey6h@tamu.edu,Nicholas Bailey,8:21 PM,true,9:43 AM,Duis mattis egestas metus.,08/12/2016
Steve Martin,dfuller6i@newsvine.com,David Fuller,6:09 PM,false,6:31 AM,Suspendisse ornare consequat lectus.,08/16/2016
Martha Berry,rbishop6j@technorati.com,Ronald Bishop,10:56 PM,false,8:24 AM,Cras pellentesque volutpat dui.,06/06/2016
Irene Green,hstewart6k@engadget.com,Helen Stewart,2:44 AM,false,10:00 PM,Nulla nisl.,08/01/2016
Lillian Olson,msmith6l@nbcnews.com,Maria Smith,2:25 PM,true,12:28 PM,Integer ac leo.,08/29/2016
Donald Jacobs,lhunter6m@newsvine.com,Louise Hunter,12:16 PM,false,12:11 PM,Morbi quis tortor id nulla ultrices aliquet.,08/12/2016
Christine Taylor,egreen6n@desdev.cn,Eric Green,7:55 PM,false,3:14 AM,Curabitur convallis.,08/23/2016
Jerry Bennett,pphillips6o@blogspot.com,Phyllis Phillips,9:59 PM,true,3:25 PM,Mauris sit amet eros.,07/30/2016
Craig Perez,lwallace6p@fda.gov,Louis Wallace,4:22 AM,true,3:05 PM,Cras in purus eu magna vulputate luctus.,08/03/2016
William Wells,rking6q@dropbox.com,Russell King,5:28 PM,true,9:36 PM,"Morbi odio odio, elementum eu, interdum eu, tincidunt in, leo.",07/03/2016
Emily Lewis,rmartin6r@php.net,Rebecca Martin,1:00 PM,true,8:44 PM,Maecenas tincidunt lacus at velit.,07/06/2016
Martin Moreno,cray6s@t-online.de,Carl Ray,12:52 AM,false,1:41 AM,Morbi non quam nec dui luctus rutrum.,07/14/2016
Christine Kelley,cramirez6t@chron.com,Christopher Ramirez,1:09 PM,true,5:39 PM,Nam tristique tortor eu pede.,07/30/2016
Nancy Burns,ecooper6u@elpais.com,Eric Cooper,7:59 PM,true,11:11 PM,"Morbi sem mauris, laoreet ut, rhoncus aliquet, pulvinar sed, nisl.",06/09/2016
Louise Bennett,anichols6v@e-recht24.de,Anne Nichols,4:38 AM,false,6:05 PM,Mauris ullamcorper purus sit amet nulla.,07/24/2016
Margaret Mills,eharvey6w@va.gov,Ernest Harvey,3:26 AM,false,2:02 AM,Aenean sit amet justo.,08/27/2016
Kimberly Payne,kjames6x@mediafire.com,Keith James,5:17 PM,false,10:54 PM,Aenean fermentum.,07/11/2016
Roger Garrett,progers6y@opera.com,Paul Rogers,2:23 PM,false,3:14 PM,Nulla nisl.,08/26/2016
Kelly Mills,mbowman6z@bigcartel.com,Maria Bowman,4:35 AM,true,1:07 AM,Mauris lacinia sapien quis libero.,08/22/2016
Jennifer Day,edaniels70@tiny.cc,Eric Daniels,12:22 AM,false,11:20 AM,Sed sagittis.,06/17/2016
Dennis Wheeler,ghunter71@google.cn,Gerald Hunter,3:40 PM,false,1:30 PM,Aenean lectus.,06/07/2016
Alan Moore,ldixon72@bloglines.com,Lisa Dixon,4:14 PM,false,5:14 PM,"Nam ultrices, libero non mattis pulvinar, nulla pede ullamcorper augue, a suscipit nulla elit ac nulla.",07/31/2016
Harry Ortiz,ariley73@cornell.edu,Anna Riley,1:29 AM,false,9:26 PM,Curabitur gravida nisi at nibh.,07/12/2016
Jason Taylor,rgraham74@patch.com,Rachel Graham,8:31 AM,false,9:27 AM,Pellentesque at nulla.,06/20/2016
Alan Vasquez,jpalmer75@uol.com.br,Janice Palmer,2:36 PM,true,2:05 AM,Nulla justo.,06/21/2016
Gloria Webb,kcoleman76@icio.us,Karen Coleman,3:10 PM,true,8:18 AM,Nullam varius.,07/20/2016
Justin Bennett,glewis77@freewebs.com,Gregory Lewis,8:25 PM,true,11:22 AM,Proin at turpis a pede posuere nonummy.,07/28/2016
Jimmy Peters,cpeters78@salon.com,Clarence Peters,3:56 AM,false,7:44 PM,Morbi ut odio.,08/21/2016
Evelyn Andrews,lbaker79@patch.com,Lisa Baker,4:30 PM,true,8:04 PM,Aenean fermentum.,07/29/2016
Diana Mills,gwright7a@tmall.com,Gerald Wright,6:20 AM,false,2:20 PM,Donec vitae nisi.,06/21/2016
Gary Walker,sallen7b@goo.gl,Susan Allen,7:20 AM,false,7:47 PM,Donec semper sapien a libero.,07/19/2016
Christopher Baker,kfoster7c@unesco.org,Kimberly Foster,9:07 AM,false,6:09 AM,Duis consequat dui nec nisi volutpat eleifend.,06/19/2016
Donna Lynch,kcarpenter7d@g.co,Karen Carpenter,1:49 AM,false,3:07 AM,Nulla tellus.,07/25/2016
Kathy Peterson,lspencer7e@free.fr,Lawrence Spencer,9:35 AM,true,10:10 AM,Nulla ac enim.,08/30/2016
Doris Hansen,jmartinez7f@google.cn,Judith Martinez,8:24 PM,false,9:28 AM,Suspendisse potenti.,07/20/2016
Fred Roberts,callen7g@tiny.cc,Christine Allen,3:07 AM,false,8:34 PM,"Morbi vestibulum, velit id pretium iaculis, diam erat fermentum justo, nec condimentum neque sapien placerat ante.",08/02/2016
Jean Griffin,groberts7h@biglobe.ne.jp,Gregory Roberts,8:42 AM,false,12:53 PM,Suspendisse potenti.,06/23/2016
William Allen,aellis7i@list-manage.com,Aaron Ellis,1:24 AM,false,6:52 PM,Pellentesque at nulla.,07/11/2016
Jean Gordon,sgibson7j@alexa.com,Sharon Gibson,9:17 PM,false,8:24 PM,Nulla nisl.,06/24/2016
Kathryn White,dstephens7k@histats.com,Doris Stephens,3:41 AM,true,12:27 AM,Pellentesque eget nunc.,08/29/2016
Philip Day,cevans7l@google.fr,Carol Evans,11:54 PM,true,6:20 AM,Nam dui.,06/15/2016
Denise Jackson,dmorrison7m@wordpress.com,Dorothy Morrison,7:11 AM,true,9:30 PM,Cras in purus eu magna vulputate luctus.,06/27/2016
Frank Lane,abutler7n@cdc.gov,Amanda Butler,7:01 AM,false,11:04 PM,Nunc rhoncus dui vel sem.,07/09/2016
Kenneth Long,sthompson7o@smh.com.au,Shawn Thompson,2:20 AM,false,5:13 PM,Vivamus tortor.,07/13/2016
Richard Reid,rhowell7p@nyu.edu,Richard Howell,10:00 AM,true,4:57 AM,Pellentesque viverra pede ac diam.,08/10/2016
Jack Nelson,kcampbell7q@naver.com,Kathy Campbell,6:08 AM,true,4:29 AM,Maecenas rhoncus aliquam lacus.,06/03/2016
Doris Perkins,rkelley7r@blogspot.com,Ralph Kelley,6:31 PM,false,8:32 PM,Vivamus tortor.,07/01/2016
Bobby Stone,jhicks7s@columbia.edu,Jonathan Hicks,2:42 PM,true,4:20 AM,Suspendisse accumsan tortor quis turpis.,06/15/2016
Brian Gray,njordan7t@flavors.me,Nicole Jordan,6:51 AM,true,9:31 PM,Vestibulum ac est lacinia nisi venenatis tristique.,06/26/2016
Teresa Bryant,ahenry7u@reverbnation.com,Albert Henry,12:20 PM,false,5:52 AM,Suspendisse ornare consequat lectus.,07/09/2016
Eugene Ortiz,dbryant7v@wsj.com,Debra Bryant,5:12 PM,true,1:36 PM,Integer ac leo.,06/06/2016
Victor Jackson,swright7w@globo.com,Stephen Wright,10:29 PM,true,2:04 AM,Vivamus vel nulla eget eros elementum pellentesque.,07/18/2016
Samuel Johnston,cjackson7x@a8.net,Carol Jackson,1:45 PM,true,2:55 PM,Vestibulum rutrum rutrum neque.,08/26/2016
Craig Fox,naustin7y@livejournal.com,Norma Austin,8:07 PM,false,12:40 PM,"Lorem ipsum dolor sit amet, consectetuer adipiscing elit.",08/20/2016
Theresa Payne,jrussell7z@sciencedaily.com,Jane Russell,10:06 AM,true,4:58 AM,Nullam molestie nibh in lectus.,07/29/2016
Lori Fields,jnguyen80@mysql.com,Joe Nguyen,1:42 AM,true,2:39 AM,Nunc rhoncus dui vel sem.,06/27/2016
Bobby Arnold,ryoung81@hexun.com,Russell Young,1:05 PM,true,7:41 PM,Pellentesque at nulla.,07/22/2016
Wanda Freeman,arose82@webmd.com,Alan Rose,1:38 AM,true,2:30 PM,Vestibulum ante ipsum primis in faucibus orci luctus et ultrices posuere cubilia Curae; Duis faucibus accumsan odio.,06/27/2016
Lawrence Alexander,rhenry83@slashdot.org,Rebecca Henry,3:35 PM,false,1:56 AM,Suspendisse accumsan tortor quis turpis.,06/15/2016
Julie Fox,fholmes84@cbslocal.com,Frances Holmes,9:39 PM,false,7:11 PM,"In est risus, auctor sed, tristique in, tempus sit amet, sem.",06/08/2016
Norma Ramos,hcrawford85@stumbleupon.com,Howard Crawford,2:51 PM,true,2:09 PM,Donec vitae nisi.,06/15/2016
Jane Patterson,mdixon86@parallels.com,Mark Dixon,12:06 AM,false,4:27 AM,Suspendisse ornare consequat lectus.,08/15/2016
Sara Evans,jsimpson87@pen.io,Jane Simpson,11:18 PM,false,12:24 AM,Nulla facilisi.,08/09/2016
Raymond Young,joliver88@dagondesign.com,Joshua Oliver,2:57 AM,false,9:20 AM,"Vestibulum quam sapien, varius ut, blandit non, interdum in, ante.",07/15/2016
Larry Grant,mburke89@posterous.com,Michelle Burke,5:46 PM,false,3:09 PM,"In tempor, turpis nec euismod scelerisque, quam turpis adipiscing lorem, vitae mattis nibh ligula nec sem.",06/06/2016
Theresa Fuller,wmoreno8a@blinklist.com,Wanda Moreno,10:21 AM,false,11:27 AM,Nullam sit amet turpis elementum ligula vehicula consequat.,08/14/2016
Pamela Wheeler,jroberts8b@senate.gov,Julie Roberts,12:28 PM,false,11:40 PM,"Nulla neque libero, convallis eget, eleifend luctus, ultricies eu, nibh.",07/16/2016
Andrew Porter,candrews8c@biblegateway.com,Christine Andrews,1:09 AM,true,9:02 PM,"Fusce congue, diam id ornare imperdiet, sapien urna pretium nisl, ut volutpat sapien arcu sed augue.",08/22/2016
Brian Welch,carmstrong8d@sfgate.com,Carolyn Armstrong,4:55 PM,false,9:40 PM,"Donec diam neque, vestibulum eget, vulputate ut, ultrices vel, augue.",08/21/2016
Maria Richardson,dnichols8e@dion.ne.jp,Denise Nichols,2:14 AM,true,9:17 AM,Cras pellentesque volutpat dui.,06/23/2016
Betty Evans,ejones8f@apple.com,Elizabeth Jones,12:14 AM,true,3:41 PM,Curabitur gravida nisi at nibh.,07/27/2016
Robert Simmons,cboyd8g@opera.com,Christine Boyd,6:04 AM,false,6:24 PM,In hac habitasse platea dictumst.,07/11/2016
William Burke,jcastillo8h@house.gov,Jennifer Castillo,1:08 AM,true,3:20 PM,"Quisque erat eros, viverra eget, congue eget, semper rutrum, nulla.",06/24/2016
Sandra Murphy,rreid8i@aboutads.info,Russell Reid,10:07 PM,true,5:50 PM,"Vivamus metus arcu, adipiscing molestie, hendrerit at, vulputate vitae, nisl.",08/21/2016
Emily Lewis,hbrooks8j@sun.com,Helen Brooks,9:50 AM,true,5:14 PM,"Cum sociis natoque penatibus et magnis dis parturient montes, nascetur ridiculus mus.",07/08/2016
Stephen Perez,swashington8k@indiegogo.com,Stephen Washington,10:56 AM,false,2:31 AM,Praesent blandit.,07/05/2016
Mark Gomez,msullivan8l@alibaba.com,Mary Sullivan,10:05 PM,false,4:06 PM,"Lorem ipsum dolor sit amet, consectetuer adipiscing elit.",06/17/2016
Ralph Fuller,syoung8m@ask.com,Shawn Young,12:12 PM,false,6:08 AM,"Lorem ipsum dolor sit amet, consectetuer adipiscing elit.",06/06/2016
Nancy Payne,kgeorge8n@bandcamp.com,Katherine George,2:36 AM,false,5:44 PM,Donec ut mauris eget massa tempor convallis.,06/04/2016
Michael Green,elong8o@latimes.com,Eugene Long,3:35 AM,true,10:35 PM,Quisque porta volutpat erat.,07/08/2016
Kathy Rice,kmoreno8p@unblog.fr,Karen Moreno,4:23 AM,true,11:56 AM,Etiam faucibus cursus urna.,08/15/2016
Roger Rose,smartinez8q@unesco.org,Susan Martinez,4:09 AM,true,5:04 PM,Donec vitae nisi.,07/11/2016
Lois Fields,jgonzalez8r@deviantart.com,Jesse Gonzalez,6:44 AM,true,4:05 PM,Etiam vel augue.,08/04/2016
Julia Hall,cjohnson8s@t.co,Carlos Johnson,8:59 AM,true,7:08 PM,Phasellus in felis.,07/08/2016
Jerry Jacobs,sdean8t@pagesperso-orange.fr,Sarah Dean,2:01 AM,false,6:38 AM,"Morbi odio odio, elementum eu, interdum eu, tincidunt in, leo.",08/13/2016
Aaron Ferguson,cmills8u@soup.io,Carl Mills,2:34 PM,false,10:46 PM,Duis ac nibh.,08/14/2016
Anna Marshall,rross8v@seattletimes.com,Robert Ross,1:59 AM,true,5:54 PM,Nulla mollis molestie lorem.,06/10/2016
Shawn Chapman,srose8w@stumbleupon.com,Sharon Rose,2:33 AM,true,7:14 PM,Vestibulum ante ipsum primis in faucibus orci luctus et ultrices posuere cubilia Curae; Mauris viverra diam vitae quam.,08/18/2016
Alice Mendoza,cstewart8x@pcworld.com,Charles Stewart,8:14 AM,true,11:22 AM,In hac habitasse platea dictumst.,06/19/2016
Rebecca Andrews,swilson8y@deliciousdays.com,Steven Wilson,12:50 AM,true,5:24 AM,Pellentesque eget nunc.,08/30/2016
Amy Vasquez,ecarpenter8z@skyrock.com,Eric Carpenter,10:52 PM,true,4:38 AM,"Quisque erat eros, viverra eget, congue eget, semper rutrum, nulla.",07/01/2016
Anna Howell,cmontgomery90@wiley.com,Christopher Montgomery,11:55 PM,true,11:15 PM,"Integer aliquet, massa id lobortis convallis, tortor risus dapibus augue, vel accumsan tellus nisi eu orci.",06/03/2016
Gerald Rose,cperez91@hhs.gov,Charles Perez,11:51 AM,true,2:58 PM,"Morbi vestibulum, velit id pretium iaculis, diam erat fermentum justo, nec condimentum neque sapien placerat ante.",08/05/2016
Jessica Allen,amcdonald92@blogtalkradio.com,Angela Mcdonald,5:22 PM,false,5:49 PM,Integer ac leo.,07/07/2016
Sean Ryan,mfisher93@domainmarket.com,Marilyn Fisher,2:17 AM,true,8:57 PM,"Nullam orci pede, venenatis non, sodales sed, tincidunt eu, felis.",06/18/2016
Carol Richards,rpayne94@mac.com,Rose Payne,7:03 PM,true,4:55 AM,Fusce posuere felis sed lacus.,07/08/2016
Lois Collins,jporter95@cdbaby.com,Juan Porter,7:46 PM,true,7:51 PM,In congue.,07/17/2016
Adam Garrett,ljones96@oakley.com,Lillian Jones,3:28 AM,true,6:55 AM,Vestibulum sed magna at nunc commodo placerat.,07/24/2016
Wayne George,cnguyen97@wix.com,Christina Nguyen,12:18 PM,true,8:40 PM,In hac habitasse platea dictumst.,07/15/2016
Shawn Jones,cgarza98@nih.gov,Carlos Garza,3:13 AM,false,4:38 AM,Cras pellentesque volutpat dui.,08/10/2016
Beverly Robinson,dryan99@alibaba.com,Dennis Ryan,1:37 PM,true,7:24 PM,"Lorem ipsum dolor sit amet, consectetuer adipiscing elit.",07/15/2016
Dennis Long,arogers9a@google.com.au,Arthur Rogers,6:20 AM,false,4:21 AM,Vestibulum ante ipsum primis in faucibus orci luctus et ultrices posuere cubilia Curae; Duis faucibus accumsan odio.,07/17/2016
Philip Cruz,cmorris9b@comcast.net,Clarence Morris,4:50 AM,true,2:49 PM,Donec quis orci eget orci vehicula condimentum.,08/20/2016
Wanda Carroll,krobinson9c@apache.org,Katherine Robinson,6:28 PM,false,6:00 AM,Nullam molestie nibh in lectus.,08/14/2016
Roger Garza,rhowell9d@twitter.com,Ruby Howell,2:22 PM,false,3:16 AM,Morbi non lectus.,08/22/2016
Walter Diaz,rkelly9e@zdnet.com,Roy Kelly,3:26 AM,false,2:22 AM,Curabitur at ipsum ac tellus semper interdum.,07/13/2016
Jerry Hunter,jbennett9f@de.vu,Janet Bennett,1:32 PM,false,6:44 PM,Curabitur convallis.,08/02/2016
Virginia Alvarez,sgonzalez9g@webeden.co.uk,Shawn Gonzalez,12:03 AM,false,2:35 PM,Curabitur gravida nisi at nibh.,07/23/2016
Eugene Ray,crivera9h@netscape.com,Carl Rivera,3:47 AM,false,9:33 PM,Cras non velit nec nisi vulputate nonummy.,08/24/2016
Sara Fox,prichards9i@msu.edu,Peter Richards,6:22 PM,true,7:29 AM,Pellentesque ultrices mattis odio.,06/12/2016
Steve Morrison,fhughes9j@usatoday.com,Fred Hughes,3:16 PM,false,3:03 PM,Nam nulla.,07/03/2016
Harry Miller,ireid9k@japanpost.jp,Irene Reid,7:39 AM,false,12:58 PM,Ut tellus.,06/09/2016
Wanda Murphy,acarroll9l@go.com,Alice Carroll,12:31 PM,true,10:12 AM,Etiam pretium iaculis justo.,06/14/2016
Aaron Roberts,jward9m@dot.gov,Jane Ward,9:19 PM,true,10:13 PM,"Vestibulum ante ipsum primis in faucibus orci luctus et ultrices posuere cubilia Curae; Donec pharetra, magna vestibulum aliquet ultrices, erat tortor sollicitudin mi, sit amet lobortis sapien sapien non mi.",08/11/2016
Martha Daniels,kfranklin9n@fema.gov,Kathleen Franklin,1:45 AM,true,4:45 PM,Phasellus sit amet erat.,06/30/2016
Bonnie Nguyen,glee9o@comcast.net,Gloria Lee,10:07 PM,true,11:38 PM,Aliquam non mauris.,08/11/2016
Irene Robinson,ptaylor9p@wired.com,Pamela Taylor,9:05 AM,false,7:35 PM,"Fusce congue, diam id ornare imperdiet, sapien urna pretium nisl, ut volutpat sapien arcu sed augue.",06/01/2016
Aaron Carpenter,bnelson9q@phpbb.com,Beverly Nelson,11:01 AM,true,7:49 AM,Curabitur convallis.,08/15/2016
Joshua Carter,chunter9r@nymag.com,Christina Hunter,8:07 AM,true,3:57 PM,Praesent id massa id nisl venenatis lacinia.,07/23/2016
Matthew Dean,dwatson9s@jalbum.net,Denise Watson,3:47 AM,true,4:18 AM,In hac habitasse platea dictumst.,08/12/2016
Robert Butler,sstevens9t@360.cn,Stephanie Stevens,11:05 AM,true,5:36 PM,In eleifend quam a odio.,08/07/2016
Richard Harrison,bdunn9u@webmd.com,Beverly Dunn,12:54 PM,false,11:13 PM,Nulla justo.,08/27/2016
Victor Young,bcole9v@pinterest.com,Barbara Cole,1:12 PM,false,1:21 PM,Donec posuere metus vitae ipsum.,07/25/2016
Thomas Peterson,mgriffin9w@squidoo.com,Mark Griffin,6:41 AM,false,2:04 AM,Nullam sit amet turpis elementum ligula vehicula consequat.,06/08/2016
Peter Peters,jsimpson9x@elpais.com,Jerry Simpson,6:07 AM,false,9:19 PM,Phasellus sit amet erat.,06/04/2016
Fred Gonzalez,efowler9y@ovh.net,Eugene Fowler,3:03 PM,true,9:07 PM,Phasellus sit amet erat.,08/09/2016
Shirley Phillips,barnold9z@baidu.com,Bruce Arnold,8:59 AM,true,1:21 PM,Mauris ullamcorper purus sit amet nulla.,07/18/2016
Brian Moreno,sruiza0@intel.com,Scott Ruiz,7:31 PM,true,2:31 PM,Duis bibendum.,07/14/2016
Jose Torres,mcastilloa1@irs.gov,Marilyn Castillo,5:33 PM,true,11:31 AM,Praesent id massa id nisl venenatis lacinia.,06/14/2016
Janet White,kmatthewsa2@chicagotribune.com,Kathy Matthews,11:20 PM,true,9:47 PM,Nullam porttitor lacus at turpis.,06/03/2016
Ronald Knight,rclarka3@apache.org,Ronald Clark,5:05 AM,true,6:36 PM,Nulla tellus.,08/02/2016
Joshua Banks,aallena4@hubpages.com,Anne Allen,2:44 PM,false,10:51 PM,Praesent id massa id nisl venenatis lacinia.,08/15/2016
Andrea Cox,jmartina5@g.co,Jeremy Martin,7:31 PM,true,10:46 PM,Cras non velit nec nisi vulputate nonummy.,08/25/2016
Steven Lawson,bfowlera6@friendfeed.com,Bobby Fowler,4:50 AM,false,4:49 PM,"Cum sociis natoque penatibus et magnis dis parturient montes, nascetur ridiculus mus.",07/15/2016
Douglas Fuller,lsmitha7@t.co,Lawrence Smith,8:11 AM,true,5:13 AM,"Lorem ipsum dolor sit amet, consectetuer adipiscing elit.",08/17/2016
Brenda Harrison,mcarra8@foxnews.com,Martin Carr,3:10 AM,true,11:50 PM,Maecenas pulvinar lobortis est.,08/10/2016
Mark Lee,pmendozaa9@photobucket.com,Phillip Mendoza,12:27 PM,true,6:07 PM,Aliquam sit amet diam in magna bibendum imperdiet.,08/27/2016
Alice Mendoza,ttuckeraa@wsj.com,Teresa Tucker,6:12 PM,true,5:03 AM,"Integer pede justo, lacinia eget, tincidunt eget, tempus vel, pede.",08/28/2016
Ruby Simmons,jgrahamab@istockphoto.com,Julie Graham,2:34 PM,true,10:46 AM,Vestibulum ac est lacinia nisi venenatis tristique.,06/09/2016
Willie Bradley,rparkerac@sciencedirect.com,Rachel Parker,9:59 PM,false,2:35 PM,Vestibulum ante ipsum primis in faucibus orci luctus et ultrices posuere cubilia Curae; Nulla dapibus dolor vel est.,07/19/2016
Patrick Stanley,jfranklinad@oaic.gov.au,Jimmy Franklin,4:28 AM,true,12:36 PM,Sed vel enim sit amet nunc viverra dapibus.,06/18/2016
Gregory Elliott,bgordonae@ycombinator.com,Brandon Gordon,11:47 PM,true,9:40 AM,"Cum sociis natoque penatibus et magnis dis parturient montes, nascetur ridiculus mus.",06/29/2016
Thomas Marshall,aevansaf@globo.com,Arthur Evans,6:12 PM,false,11:02 PM,Aliquam erat volutpat.,07/10/2016
Mark Welch,bhansenag@slashdot.org,Bobby Hansen,4:13 PM,true,7:01 AM,"Aliquam augue quam, sollicitudin vitae, consectetuer eget, rutrum at, lorem.",06/21/2016
Robin Sullivan,kwilliamsonah@java.com,Katherine Williamson,11:58 AM,false,4:16 PM,Vivamus tortor.,08/27/2016
Katherine Morris,cgrayai@tripadvisor.com,Christine Gray,9:53 PM,false,12:24 AM,Duis bibendum.,06/18/2016
Paula Moreno,lperkinsaj@mozilla.com,Lillian Perkins,12:34 PM,true,5:46 AM,"Integer pede justo, lacinia eget, tincidunt eget, tempus vel, pede.",06/03/2016
Edward Young,frussellak@icio.us,Fred Russell,6:53 AM,true,1:12 PM,Nulla tempus.,08/20/2016
Donna Smith,jparkeral@tamu.edu,Jason Parker,1:46 PM,false,9:22 PM,Duis at velit eu est congue elementum.,08/23/2016
Matthew Wood,rwheeleram@ucla.edu,Ruth Wheeler,3:14 AM,false,10:01 PM,Curabitur convallis.,06/30/2016
Ryan Barnes,scarrollan@prlog.org,Sandra Carroll,3:03 AM,true,8:52 AM,"In est risus, auctor sed, tristique in, tempus sit amet, sem.",08/08/2016
Sandra Green,swashingtonao@cdbaby.com,Steven Washington,1:27 PM,true,7:03 PM,Aenean lectus.,08/30/2016
Lois Frazier,dchapmanap@bandcamp.com,Denise Chapman,3:02 PM,false,4:13 AM,"Aliquam augue quam, sollicitudin vitae, consectetuer eget, rutrum at, lorem.",08/26/2016
Gary Arnold,rmitchellaq@alibaba.com,Rachel Mitchell,7:24 AM,true,5:20 AM,"Fusce congue, diam id ornare imperdiet, sapien urna pretium nisl, ut volutpat sapien arcu sed augue.",07/16/2016
Dennis Spencer,mvasquezar@behance.net,Maria Vasquez,3:33 AM,false,1:37 AM,Donec semper sapien a libero.,08/02/2016
Christopher Ryan,kharveyas@ow.ly,Kenneth Harvey,2:40 PM,false,4:47 PM,Aliquam quis turpis eget elit sodales scelerisque.,06/24/2016
Martin Sanchez,kjohnstonat@pcworld.com,Kelly Johnston,11:33 PM,false,4:12 PM,Vestibulum ac est lacinia nisi venenatis tristique.,08/16/2016
Sandra Castillo,aweaverau@phoca.cz,Alice Weaver,2:43 AM,true,10:14 AM,Nunc purus.,08/21/2016
Patricia Morrison,kfosterav@shareasale.com,Kimberly Foster,7:56 AM,true,2:37 PM,"Fusce congue, diam id ornare imperdiet, sapien urna pretium nisl, ut volutpat sapien arcu sed augue.",06/07/2016
Nicholas Chapman,hwheeleraw@netscape.com,Helen Wheeler,4:18 AM,true,4:23 AM,Suspendisse ornare consequat lectus.,07/29/2016
Ralph Ramirez,jmoralesax@woothemes.com,James Morales,11:44 AM,true,3:57 AM,"Integer aliquet, massa id lobortis convallis, tortor risus dapibus augue, vel accumsan tellus nisi eu orci.",06/07/2016
Marilyn Harper,chendersonay@netlog.com,Chris Henderson,10:38 PM,true,4:02 PM,"Aliquam augue quam, sollicitudin vitae, consectetuer eget, rutrum at, lorem.",06/03/2016
Patricia Washington,jmilleraz@sbwire.com,Julie Miller,8:07 AM,false,11:20 PM,Ut at dolor quis odio consequat varius.,08/23/2016
Kimberly Banks,rhicksb0@paypal.com,Robert Hicks,10:33 PM,false,1:31 AM,Donec vitae nisi.,06/03/2016
Wayne Richardson,bwillisb1@google.de,Bobby Willis,8:33 AM,false,2:18 AM,In hac habitasse platea dictumst.,06/23/2016
Richard Harper,dolsonb2@toplist.cz,Donald Olson,2:15 AM,true,10:06 PM,Vivamus in felis eu sapien cursus vestibulum.,08/14/2016
Katherine Castillo,tchavezb3@tmall.com,Tammy Chavez,6:54 PM,true,12:31 AM,Maecenas ut massa quis augue luctus tincidunt.,06/20/2016
Justin Wagner,wmorganb4@howstuffworks.com,Wanda Morgan,8:14 PM,false,5:04 PM,Duis bibendum.,07/22/2016
Janice Webb,wramirezb5@slideshare.net,William Ramirez,4:33 PM,false,1:50 AM,Aliquam sit amet diam in magna bibendum imperdiet.,06/06/2016
Ernest Little,jmatthewsb6@statcounter.com,Janet Matthews,6:47 PM,false,12:58 PM,Duis ac nibh.,07/08/2016
Barbara Bryant,bwhiteb7@mediafire.com,Beverly White,5:39 PM,true,1:13 AM,Etiam pretium iaculis justo.,07/13/2016
Johnny Duncan,vhunterb8@princeton.edu,Virginia Hunter,9:38 PM,true,6:02 PM,"Fusce congue, diam id ornare imperdiet, sapien urna pretium nisl, ut volutpat sapien arcu sed augue.",08/19/2016
Raymond Bowman,mwelchb9@ca.gov,Michael Welch,4:19 AM,false,8:04 PM,"Quisque arcu libero, rutrum ac, lobortis vel, dapibus at, diam.",06/08/2016
Sara Rogers,jturnerba@wordpress.org,Jane Turner,6:42 PM,false,3:50 AM,Aliquam non mauris.,08/20/2016
Michael Morrison,caustinbb@facebook.com,Carol Austin,10:28 PM,true,1:12 PM,Duis at velit eu est congue elementum.,08/16/2016
Rose Brown,rburtonbc@bigcartel.com,Richard Burton,5:04 PM,false,7:26 PM,Integer ac leo.,08/23/2016
Kenneth Torres,jramosbd@arstechnica.com,Janice Ramos,7:37 AM,false,11:02 AM,Nunc rhoncus dui vel sem.,08/07/2016
Ashley Cook,ccooperbe@samsung.com,Carolyn Cooper,5:56 AM,false,1:44 PM,Aliquam erat volutpat.,06/11/2016
Gregory Romero,rwoodsbf@github.com,Russell Woods,12:05 PM,false,5:39 AM,Pellentesque viverra pede ac diam.,08/08/2016
Timothy Reynolds,bnguyenbg@businesswire.com,Billy Nguyen,12:44 PM,false,5:25 PM,Nulla nisl.,07/17/2016
Ralph Bell,pmccoybh@sakura.ne.jp,Pamela Mccoy,6:07 PM,false,3:02 PM,Aliquam erat volutpat.,07/03/2016
Phyllis Hawkins,pmarshallbi@tinypic.com,Paul Marshall,4:37 PM,true,11:04 AM,Integer a nibh.,08/07/2016
Theresa White,jgarzabj@arizona.edu,Janet Garza,12:03 PM,false,1:00 AM,Proin risus.,06/06/2016
Anna Anderson,jwagnerbk@dion.ne.jp,Justin Wagner,10:42 PM,false,11:14 AM,In hac habitasse platea dictumst.,06/18/2016
William Armstrong,lfieldsbl@wsj.com,Lisa Fields,7:56 AM,true,1:50 AM,Morbi porttitor lorem id ligula.,07/15/2016
Martin Mendoza,aramirezbm@newsvine.com,Antonio Ramirez,12:06 PM,true,6:52 PM,"Quisque arcu libero, rutrum ac, lobortis vel, dapibus at, diam.",08/05/2016
Kevin Knight,lcolemanbn@weibo.com,Lawrence Coleman,8:27 PM,false,9:53 PM,Duis at velit eu est congue elementum.,08/02/2016
Terry Ferguson,kgordonbo@eepurl.com,Keith Gordon,1:15 AM,true,8:46 AM,"Lorem ipsum dolor sit amet, consectetuer adipiscing elit.",06/23/2016
Rachel Perry,mevansbp@furl.net,Michelle Evans,2:21 AM,true,12:10 PM,Aliquam quis turpis eget elit sodales scelerisque.,06/16/2016
Johnny Chapman,msimpsonbq@posterous.com,Matthew Simpson,11:19 PM,true,7:06 AM,Curabitur convallis.,07/30/2016
Nicole Jones,rcoxbr@nifty.com,Rachel Cox,4:27 PM,true,9:30 AM,Integer tincidunt ante vel ipsum.,06/05/2016
William Welch,jwelchbs@cornell.edu,Jack Welch,6:01 PM,true,3:29 PM,Curabitur in libero ut massa volutpat convallis.,06/02/2016
Martin Johnson,hweaverbt@mediafire.com,Howard Weaver,12:12 PM,false,9:52 AM,"Quisque arcu libero, rutrum ac, lobortis vel, dapibus at, diam.",07/27/2016
Donna Edwards,rtaylorbu@usatoday.com,Richard Taylor,5:27 PM,false,1:41 PM,Quisque ut erat.,07/04/2016
Gloria Little,lduncanbv@washingtonpost.com,Laura Duncan,12:28 AM,true,2:02 PM,"Morbi vestibulum, velit id pretium iaculis, diam erat fermentum justo, nec condimentum neque sapien placerat ante.",07/29/2016
Ryan Duncan,bbradleybw@archive.org,Brenda Bradley,3:00 AM,true,6:00 PM,Cras pellentesque volutpat dui.,06/02/2016
Linda Cox,lhansenbx@ft.com,Laura Hansen,8:33 PM,true,10:10 AM,Vestibulum ante ipsum primis in faucibus orci luctus et ultrices posuere cubilia Curae; Nulla dapibus dolor vel est.,08/05/2016
Henry Johnson,bwestby@webnode.com,Barbara West,5:17 PM,true,6:33 AM,Nulla ut erat id mauris vulputate elementum.,07/11/2016
Robin Lynch,alarsonbz@cam.ac.uk,Ashley Larson,12:40 AM,true,12:45 AM,"Quisque arcu libero, rutrum ac, lobortis vel, dapibus at, diam.",07/26/2016
Melissa Larson,rjacksonc0@cam.ac.uk,Ralph Jackson,7:21 AM,true,7:48 AM,Duis aliquam convallis nunc.,06/04/2016
Anthony Stanley,sstewartc1@bloomberg.com,Samuel Stewart,9:02 PM,true,3:12 PM,Vestibulum rutrum rutrum neque.,06/07/2016
Benjamin Thompson,ewilliamsc2@apple.com,Eric Williams,6:19 PM,true,10:09 AM,Quisque ut erat.,07/15/2016
Marie Watson,frichardsc3@hc360.com,Frances Richards,8:49 PM,false,1:20 AM,Ut at dolor quis odio consequat varius.,07/09/2016
Craig Castillo,mdayc4@constantcontact.com,Mildred Day,11:49 PM,true,4:41 PM,Duis mattis egestas metus.,06/07/2016
Diane Bennett,jmatthewsc5@digg.com,Jeffrey Matthews,11:20 AM,false,10:02 PM,Curabitur at ipsum ac tellus semper interdum.,08/01/2016
Larry Crawford,ahernandezc6@skyrock.com,Arthur Hernandez,3:31 PM,true,10:55 PM,Vivamus in felis eu sapien cursus vestibulum.,08/01/2016
William Morrison,rfernandezc7@sphinn.com,Rose Fernandez,11:11 PM,true,9:40 PM,Etiam vel augue.,06/14/2016
Benjamin Simmons,rmatthewsc8@state.tx.us,Rebecca Matthews,11:55 PM,false,6:14 AM,Vivamus vestibulum sagittis sapien.,07/19/2016
Ryan Ellis,tperezc9@ftc.gov,Teresa Perez,12:10 AM,false,12:14 PM,"Vivamus metus arcu, adipiscing molestie, hendrerit at, vulputate vitae, nisl.",08/11/2016
Joan Little,jjacksonca@psu.edu,Jack Jackson,10:46 PM,false,7:00 AM,Mauris lacinia sapien quis libero.,07/30/2016
Shawn Tucker,jjonescb@jugem.jp,Joseph Jones,10:57 AM,true,12:33 PM,"Cras mi pede, malesuada in, imperdiet et, commodo vulputate, justo.",06/19/2016
Martha Rodriguez,ecampbellcc@hp.com,Elizabeth Campbell,1:44 AM,false,9:13 AM,Quisque porta volutpat erat.,08/02/2016
Carolyn Black,nwardcd@opera.com,Nicholas Ward,7:30 AM,true,5:24 PM,"Fusce congue, diam id ornare imperdiet, sapien urna pretium nisl, ut volutpat sapien arcu sed augue.",08/02/2016
Patrick Harrison,bmeyerce@ted.com,Betty Meyer,7:00 AM,false,5:23 PM,Duis mattis egestas metus.,08/02/2016
Judy Ford,srobinsoncf@nba.com,Sharon Robinson,1:42 AM,false,4:18 PM,Curabitur gravida nisi at nibh.,06/21/2016
Chris Rivera,lrosscg@altervista.org,Lois Ross,3:10 AM,true,6:24 AM,"Donec diam neque, vestibulum eget, vulputate ut, ultrices vel, augue.",06/21/2016
Mark Hayes,flynchch@psu.edu,Frances Lynch,4:53 PM,true,7:17 PM,Vestibulum ante ipsum primis in faucibus orci luctus et ultrices posuere cubilia Curae; Mauris viverra diam vitae quam.,07/06/2016
Martha Cole,mfrazierci@mlb.com,Mark Frazier,4:33 PM,true,6:31 PM,In hac habitasse platea dictumst.,07/30/2016
Stephen Peterson,dgarciacj@epa.gov,Denise Garcia,7:17 PM,true,8:59 PM,"Nam ultrices, libero non mattis pulvinar, nulla pede ullamcorper augue, a suscipit nulla elit ac nulla.",08/13/2016
Amanda Willis,aryanck@indiegogo.com,Angela Ryan,12:35 AM,false,3:59 PM,In hac habitasse platea dictumst.,06/07/2016
Larry Gonzales,ptaylorcl@nyu.edu,Peter Taylor,8:30 PM,true,10:28 PM,Morbi vel lectus in quam fringilla rhoncus.,08/14/2016
Emily Fuller,cdaycm@domainmarket.com,Charles Day,2:04 AM,false,12:16 PM,Sed vel enim sit amet nunc viverra dapibus.,06/04/2016
Gary Reyes,swoodcn@unesco.org,Steven Wood,10:59 AM,false,4:48 PM,Aliquam sit amet diam in magna bibendum imperdiet.,06/24/2016
Jessica Hudson,calvarezco@tuttocitta.it,Carlos Alvarez,2:39 AM,true,9:53 PM,Nulla nisl.,08/06/2016
Betty Peterson,gromerocp@washingtonpost.com,Gary Romero,9:44 AM,false,4:45 AM,"Nam congue, risus semper porta volutpat, quam pede lobortis ligula, sit amet eleifend pede libero quis orci.",07/24/2016
Richard James,cjohnstoncq@nbcnews.com,Carl Johnston,8:18 PM,true,7:42 PM,Nulla suscipit ligula in lacus.,08/20/2016
Amanda Harvey,alawrencecr@opensource.org,Amy Lawrence,10:10 PM,false,12:05 PM,"Donec diam neque, vestibulum eget, vulputate ut, ultrices vel, augue.",07/05/2016
Dennis Spencer,nhansencs@chron.com,Nicole Hansen,5:57 PM,true,7:19 PM,Etiam justo.,06/08/2016
Willie Collins,rrichardsonct@weibo.com,Roy Richardson,10:42 AM,true,9:53 AM,Duis at velit eu est congue elementum.,06/30/2016
Randy Warren,jlewiscu@istockphoto.com,Julie Lewis,2:47 PM,false,8:43 PM,Suspendisse potenti.,07/20/2016
Judy Hayes,sevanscv@cloudflare.com,Samuel Evans,1:18 AM,true,12:35 AM,Nunc rhoncus dui vel sem.,07/29/2016
Fred James,jhayescw@businesswire.com,Jane Hayes,2:31 PM,true,9:41 AM,Suspendisse ornare consequat lectus.,08/06/2016
Adam Long,cricecx@ycombinator.com,Carolyn Rice,9:30 PM,true,2:34 AM,"Quisque erat eros, viverra eget, congue eget, semper rutrum, nulla.",06/02/2016
Victor Willis,calvarezcy@dot.gov,Clarence Alvarez,8:02 AM,false,2:38 PM,Duis ac nibh.,07/15/2016
Carl Moore,gharpercz@comsenz.com,Gary Harper,9:48 PM,true,10:54 PM,"Quisque erat eros, viverra eget, congue eget, semper rutrum, nulla.",06/19/2016
Lori Anderson,tmorgand0@uiuc.edu,Thomas Morgan,3:47 PM,true,3:20 PM,Suspendisse accumsan tortor quis turpis.,08/25/2016
Jennifer Mason,cromerod1@google.es,Christina Romero,3:06 PM,true,11:21 AM,Donec quis orci eget orci vehicula condimentum.,08/10/2016
Jose Olson,cjohnstond2@state.gov,Catherine Johnston,7:59 AM,false,11:35 PM,"Lorem ipsum dolor sit amet, consectetuer adipiscing elit.",06/05/2016
Robert Perez,mhansond3@auda.org.au,Michael Hanson,1:49 PM,true,3:59 AM,Etiam vel augue.,07/29/2016
Earl Stevens,jelliottd4@goodreads.com,Janet Elliott,8:00 AM,true,7:30 AM,In quis justo.,08/24/2016
Patrick Ortiz,cfergusond5@reference.com,Cheryl Ferguson,11:02 AM,true,7:44 PM,Pellentesque viverra pede ac diam.,08/07/2016
Harold Hill,jcookd6@sun.com,Judy Cook,5:51 AM,true,12:45 PM,Vivamus in felis eu sapien cursus vestibulum.,07/22/2016
Sandra Brooks,lholmesd7@fda.gov,Lawrence Holmes,12:45 PM,true,2:43 PM,"Integer pede justo, lacinia eget, tincidunt eget, tempus vel, pede.",07/25/2016
Ryan Reid,mgriffind8@blogspot.com,Mark Griffin,5:34 AM,true,6:05 PM,Ut tellus.,06/07/2016
David Jones,triced9@who.int,Tina Rice,2:49 AM,false,4:10 AM,"Proin leo odio, porttitor id, consequat in, consequat ut, nulla.",06/02/2016
Todd Hamilton,tmatthewsda@ca.gov,Teresa Matthews,12:31 PM,true,6:45 PM,Nam nulla.,07/04/2016
Joe Boyd,jrobinsondb@prlog.org,Jean Robinson,7:01 PM,false,4:07 AM,Vivamus vel nulla eget eros elementum pellentesque.,08/04/2016
Emily Miller,rjamesdc@engadget.com,Richard James,5:08 PM,false,8:43 AM,Vestibulum rutrum rutrum neque.,07/18/2016
Bobby Ruiz,dstonedd@nytimes.com,Dorothy Stone,7:13 AM,true,5:05 PM,In quis justo.,08/19/2016
Frances Johnston,bhenryde@mac.com,Bruce Henry,12:56 PM,true,7:21 AM,In blandit ultrices enim.,07/13/2016
Andrew Daniels,ddixondf@disqus.com,Douglas Dixon,8:20 PM,false,12:42 PM,"Fusce lacus purus, aliquet at, feugiat non, pretium quis, lectus.",08/17/2016
Nicole Lawson,jrichardsondg@dailymail.co.uk,James Richardson,8:55 AM,true,9:30 PM,Pellentesque eget nunc.,06/07/2016
Susan Ryan,pwilliamsondh@boston.com,Paula Williamson,3:24 PM,false,5:00 PM,Nunc nisl.,07/07/2016
Johnny Long,lmeyerdi@tumblr.com,Lawrence Meyer,9:24 AM,false,11:01 AM,Suspendisse ornare consequat lectus.,07/26/2016
Gloria Cruz,jduncandj@time.com,Julia Duncan,9:08 AM,false,10:11 PM,Suspendisse potenti.,07/21/2016
Christina Gonzalez,awatkinsdk@theatlantic.com,Ashley Watkins,1:55 PM,true,3:09 PM,"Fusce lacus purus, aliquet at, feugiat non, pretium quis, lectus.",08/11/2016
Annie Gonzales,mhowarddl@over-blog.com,Matthew Howard,1:45 PM,true,2:52 PM,Quisque porta volutpat erat.,08/16/2016
Ruby Perkins,jhansendm@goodreads.com,Jean Hansen,6:33 PM,false,12:20 PM,Nulla suscipit ligula in lacus.,07/09/2016
Karen Cox,lsmithdn@exblog.jp,Laura Smith,1:44 PM,false,11:58 PM,Suspendisse potenti.,07/28/2016
Joe Rodriguez,nmurraydo@ocn.ne.jp,Nancy Murray,9:03 PM,false,4:20 PM,Duis at velit eu est congue elementum.,08/21/2016
Emily Little,jcolemandp@uol.com.br,Justin Coleman,1:16 AM,false,1:36 PM,Proin interdum mauris non ligula pellentesque ultrices.,07/20/2016
Betty Jackson,rstevensdq@bloglines.com,Ralph Stevens,2:20 PM,false,1:37 AM,"Integer aliquet, massa id lobortis convallis, tortor risus dapibus augue, vel accumsan tellus nisi eu orci.",07/13/2016
Stephen Johnston,jtaylordr@gnu.org,Jeremy Taylor,5:58 PM,false,1:40 PM,Duis aliquam convallis nunc.,07/24/2016
Craig Ward,amasonds@sciencedirect.com,Anne Mason,2:40 AM,true,9:44 AM,"Duis bibendum, felis sed interdum venenatis, turpis enim blandit mi, in porttitor pede justo eu massa.",06/30/2016
Harry Stevens,slongdt@myspace.com,Steve Long,5:34 AM,false,5:39 PM,Duis mattis egestas metus.,06/29/2016
Harry Fields,ddeandu@ted.com,Dorothy Dean,1:17 AM,false,11:59 AM,Nulla tellus.,08/27/2016
Phyllis Parker,sjonesdv@skyrock.com,Steven Jones,1:09 AM,false,1:00 AM,Maecenas rhoncus aliquam lacus.,06/24/2016
